<?xml version="1.0" encoding="UTF-8" standalone="yes"?>
<addon	id="script.disclaimer" 
		name="Disclaimer" 
		version="0.0.3" 
		provider-name="[COLOR dodgerblue][I]Barroni[/I][/COLOR]">
  <requires>
    <import addon="xbmc.python" version="2.1.0"/>
  </requires>
  <extension point="xbmc.python.pluginsource" library="startup.py">
        <provides>executable</provides>
  </extension>
  <extension point="xbmc.service" library="startup.py" start="startup" />
  <extension point="xbmc.addon.metadata">
    <summary lang="en">[COLOR dodgerblue]Disclaimer[/COLOR]</summary>
    <description lang="en">Provides a disclaimer for builds.</description>
	<disclaimer lang="en">This Program is distributed in the hope that it will be useful, but WITHOUT ANY WARRANTY; without even the implied warranty of MERCHANTABILITY or FITNESS FOR A PARTICULAR PURPOSE. See the GNU General Public License for more details.</disclaimer>
    <platform>all</platform>
	<license>http://www.gnu.org/copyleft/gpl.html </license>
	<forum>http://</forum>
	<website>https://</website>
	<source>https://</source>
	<assets>
		<icon>resources/icon.png</icon>
		<fanart>resources/fanart.jpg</fanart>
		<screenshot>resources/screenshot1.png</screenshot>
		<screenshot>resources/screenshot2.png</screenshot>
		<screenshot>resources/screenshot3.png</screenshot>
	</assets>
  </extension>
</addon>
